Test Loss,Test Accuracy,Precision,Recall
0.6291548609733582,0.59375,0.6296296,0.85
