Test Loss,Test Accuracy,Precision,Recall
0.6291548609733582,0.59375,0.6296296,0.85
0.6054496765136719,0.65625,0.6956522,0.8
