Test Loss,Test Accuracy,Precision,Recall
0.6291548609733582,0.59375,0.6296296,0.85
0.6054496765136719,0.65625,0.6956522,0.8
0.6595250964164734,0.65625,0.6451613,1.0
0.5792996287345886,0.6756756901741028,0.71428573,0.8333333
0.6593175530433655,0.6486486196517944,0.6486486,1.0
0.3992738425731659,0.8393782377243042,0.7881356,0.93939394
